,child,elementary_num,space_trade,marriage,silvertown_1000_aged,single_house_hold,foreigner,child_education_fa,land_value_change,num_of_birth,student_per_class,single_elderly_per,num_of_kindergarten,cultural_fa,private_institute,num_of_house,num_of_elementary,mean_age,index
,1964,10404,12725,920,5.62,33.3,1875,18,2.626,1236,23.85,8.9,38,15.43,1.9,77779,35,43,7.7387519
,1932,10151,14125,924,5.39,34,1904,18.3,4.07,1084,22.95,9.3,38,15.42,1.91,79769,35,43.7,8.7154546
,1854,10120,13019,876,5.23,34.5,2282,17.3,3.292,1036,21.96,9.6,38,15.415,1.87,81928,35,44.2,10.2601457
,197,973,5815,178,11.47,44.1,635,13.2,2.161,147,13.01,12.7,11,43.17,0.56,11334,14,46,6.7850975
,201,959,8808,137,11.14,39.6,842,12.7,5.038,135,12.15,13.9,11,46.62,0.53,11545,14,46.8,11.2196247
,181,939,10774,140,10.89,38.9,974,14.5,8.058,106,11.76,14.6,11,48.345,0.57,11653,14,47.8,11.5656067
,1362,5184,3080,447,5.14,27.9,661,15.4,2.164,662,23.99,9,18,5.36,1.34,36363,14,43,9.5177665
,1318,5062,2957,419,4.99,28.2,806,15.9,3.195,561,23.17,9.6,17,6.46,1.49,37245,14,43.6,11.1733842
,1228,4977,2174,375,5.04,28.8,865,17.3,2.906,472,22.17,10.1,17,7.01,1.58,38116,14,44.4,12.4333762
,846,2864,11235,289,11.98,36.4,772,17.1,1.869,381,18.12,12.1,18,14.37,1.11,29329,19,44.6,12.6749241
,814,2783,12203,274,11.65,36.2,825,17.6,2.53,337,17.15,12.8,18,14.6,1.08,29323,19,45.4,13.3865013
,789,2767,11276,298,11.28,37.1,789,17.7,2.293,341,16.99,13,17,14.715,1,30944,19,45.8,14.9936817
,597,4023,1973,353,4.68,30.5,877,16.6,3.451,517,25.15,8.9,9,11,1.5,32434,12,43.4,9.4047652
,581,3870,2199,358,4.41,30.9,940,17.9,5.81,383,23.97,9.3,9,10.94,1.56,33323,12,44.1,10.9034518
,596,3892,1441,344,4.29,32.1,1012,17.3,4.953,416,23.14,9.7,9,10.91,1.42,34269,12,44.7,11.5593063
,165,1156,5321,168,15.7,36.9,254,12.6,2.228,208,16.67,8.5,9,37.48,0.67,8285,10,42.3,2.6668233
,147,1104,4507,172,15.12,32.8,263,13.1,3.224,201,15.85,9.6,9,37.76,0.76,8104,10,43,3.062201
,139,1100,3683,152,14.64,34.3,258,13.6,2.858,164,15.37,9.9,9,37.9,0.9,8277,10,43.4,2.0125488
,223,984,5374,99,13.17,33.8,297,13,3.367,133,13.17,13.3,15,18.37,0.77,12083,14,49.5,15.2486498
,228,962,6998,118,12.69,34.4,283,12.9,5.71,95,12.84,13.9,15,18.38,0.81,12405,14,50.3,16.5377111
,211,919,7154,102,12.3,35,305,12.3,3.943,134,12.61,14.6,15,18.385,0.73,12807,14,50.9,17.4540767
,335,1457,12883,182,13.13,34.3,257,13.3,1.63,163,14.39,14.3,15,74.86,0.7,16673,13,49,11.4080765
,332,1387,15723,139,12.74,35.3,260,14.6,2.946,142,13.86,15,15,69.88,0.7,16970,13,49.7,11.5408674
,308,1371,11475,145,12.39,36.3,268,15.4,2.581,122,13.25,15.4,15,67.39,0.73,17404,13,50.4,12.4899437
,5474,19484,18530,1763,6.9,30,3151,20.3,3.979,2468,25.62,6.1,73,5.62,1.72,118305,49,40.3,7.6953686
,5233,19531,21680,1740,6.59,30.8,3277,20.3,4.419,2291,24.52,6.4,72,5.57,1.74,121069,49,40.7,7.7414881
,4950,19636,21867,1645,6.27,31.6,3351,20,3.946,2041,23.7,6.7,72,5.545,1.75,128037,49,41.3,9.6957344
,477,1642,7354,232,10.66,35.4,341,12.2,2.579,335,15.58,9.5,17,33.62,0.7,11611,14,43.3,4.2470724
,423,1590,8523,210,10.12,33.5,319,12.9,3.698,310,14.67,10,16,33.76,0.8,12005,14,43.9,7.9865103
,365,1547,7823,216,9.7,34.4,319,14.2,2.888,262,14.25,10.4,15,33.83,0.93,12017,14,44.5,8.1620176
,371,1521,16071,171,13.05,33.4,275,10.2,2.303,176,14.9,12.9,15,23.25,0.83,16285,16,48,12.1818378
,352,1516,18151,157,12.49,33.5,256,11.1,2.516,150,14.48,13.3,15,26.2,0.84,16476,16,48.7,12.9405548
,340,1469,17412,171,12.42,35.2,265,12.7,2.629,136,13.73,13.9,15,27.675,0.74,16507,16,49.4,12.7997887
,343,2409,16090,295,9.98,34.1,686,12.5,2.064,377,19.3,9.5,13,12.5,1.1,16222,16,43.3,2.106089
,335,2326,10716,272,9.76,30.7,736,13.1,2.897,349,18.05,10.2,13,12.72,1.1,16287,16,44,3.0073845
,334,2249,18216,287,9.42,28.5,725,13.3,6.651,334,17.5,11.1,13,12.83,1.08,16364,16,44.5,5.8349637
,3573,14702,17111,1332,5.87,30.5,3244,17.9,3.296,1993,25.22,7.1,46,6.77,1.59,93300,40,41.2,5.8241647
,3519,14701,13630,1292,5.58,31.1,3678,18.3,3.492,1742,24.34,7.3,45,8.56,1.61,93649,40,41.7,5.7022314
,3393,14773,16930,1244,5.39,31.7,4362,18.7,3.23,1705,23.63,7.6,45,9.455,1.58,94907,40,42.1,6.1460414
,471,2326,6022,192,7.91,32.6,263,13.7,1.6,244,19.73,10.8,13,14.87,1.1,21231,12,45.1,13.9400081
,407,2323,2389,209,7.89,31.5,254,14.6,1.952,242,19.01,11.7,13,17.43,1.09,21179,12,45.9,14.1577497
,379,2307,3943,158,7.66,32.6,254,15.2,1.86,228,18.38,12.8,12,18.71,1.14,20981,12,46.7,14.2442573
,379,1751,15719,184,12.73,33.2,464,12.7,2.201,186,15.48,12.6,17,16.16,0.83,19923,19,48.3,18.6318154
,336,1708,19021,184,12.15,33.7,500,13.4,3.928,185,15.07,13.1,17,16.24,0.86,20075,19,49,18.573051
,327,1658,17295,164,11.94,34.9,411,15,3.157,142,14.54,13.7,17,16.28,0.84,21175,19,49.7,20.6720863
,701,2968,21329,304,9.44,30.7,885,15.8,2.716,403,16.92,11.4,25,8.56,1.21,27664,25,46.7,10.7526535
,661,2938,23267,322,9.12,31.5,945,16.6,3.267,378,16.55,12.1,25,8.53,1.15,28731,25,47.4,11.4934385
,607,2904,23176,313,8.65,32,949,17,2.819,361,15.71,12.6,26,8.515,1.16,29106,25,48,11.5856622
,378,1159,7131,190,11.61,43.1,225,12.8,2.163,221,14.54,9.3,14,26.65,0.76,9349,13,42.5,2.1866499
,341,1117,7047,196,12.18,37.9,230,13.4,3.247,199,13.87,10.6,14,26.9,0.73,9682,13,43.3,6.5353799
,291,1087,8415,190,12.3,37.1,258,14.7,2.801,202,13.29,11.2,14,27.025,0.76,9623,13,44.4,6.4274601
,293,1765,21358,169,12.59,29.4,671,18.7,2.568,208,15.21,12.4,13,13.05,0.98,17797,16,48.8,10.392226
,278,1694,16645,172,11.79,30.5,631,18.1,3.508,174,14.65,13.1,13,12.96,0.99,18546,16,49.5,11.9331402
,269,1697,17133,174,11.24,31.4,614,18.8,2.864,149,14.42,13.3,13,12.915,0.98,19529,16,49.9,12.6844317
,425,2668,12406,269,8.5,31.8,1069,16,1.41,363,19.86,11.1,16,16.01,0.99,23823,13,46.5,11.4386617
,374,2651,22183,269,8.2,32.3,1043,16.6,2.303,362,19.46,11.5,16,15.88,1.02,24390,13,47.1,11.6592416
,322,2587,14715,244,7.8,33.3,1018,17.2,2.922,301,18.9,12,15,15.815,0.95,25083,13,47.7,12.748713
,15030,55090,8874,4932,3.4,21.6,12286,17.3,2.253,7507,27.23,4.7,174,3.37,1.86,299167,83,40,2.9466342
,15028,54467,9265,4730,3.2,22.2,12253,17,3.619,6681,26.38,5,175,3.36,1.92,305178,83,40.6,2.8510126
,14242,54797,8315,4317,2.99,22.9,12664,17.5,5.219,5816,25.23,5.2,175,3.355,1.92,314605,83,41.2,3.7319347
,694,3379,1304,266,2.92,19.4,235,18.3,1.912,414,26.4,5.5,8,18.82,1.18,15661,4,40.7,2.9256803
,498,2973,890,207,2.71,18.5,211,19.8,3.275,317,24.77,5.5,8,20.86,1.3,12114,4,41.4,0.2059478
,353,2799,1357,232,2.59,18.2,183,19.9,5.581,281,24.23,5.7,7,21.88,1.31,12772,4,41.8,1.5873016
,4637,20192,1146,1897,2.17,19.5,5919,18.1,2.263,2905,27.02,5.2,51,2.95,1.59,103508,24,39.6,1.6251972
,4274,19436,1377,1722,2.02,20.9,5843,19.1,3.562,2374,26.16,5.6,51,3,1.67,103564,24,40.2,1.9800106
,3795,19063,2238,1674,1.99,22.1,6273,20.1,4.959,2123,25.25,5.8,50,3.025,1.73,104641,25,40.9,2.7689763
,2848,17042,16925,2162,4.84,21.5,12114,15.8,2.175,3044,28.59,3.7,38,4.58,1.14,97373,25,39.4,5.8115128
,2734,17608,16984,2173,4.54,22,12424,15.4,3.377,2842,27.95,3.8,39,4.34,1.13,107996,26,39.9,7.666527
,2959,18814,16739,2210,4.21,22.6,13037,15.7,4.345,2827,26.46,4,41,4.22,1.11,120155,27,40.2,8.3045247
,2567,9699,1010,874,4.05,21.7,1390,16.8,2.359,1340,27.79,4.7,33,3.1,1.71,52511,15,39.9,1.6813646
,2694,9780,1111,948,3.82,21.9,1417,16.5,3.257,1306,26.56,5,34,3,1.71,55252,16,40.4,2.0701879
,2493,10151,872,923,3.88,22.2,1424,16.7,5.734,1318,25.71,5.1,32,2.95,1.78,58785,16,40.9,2.3699595
,4241,16234,1304,1772,2.69,19.9,6772,16.4,2.522,2887,27.21,4.8,49,2.81,1.5,86160,26,39.2,2.2586244
,3979,15850,1126,1639,6.98,20.7,6783,18,3.349,2266,26.15,5,49,2.84,1.58,86340,26,39.9,2.6178365
,3650,15530,1017,1428,2.45,21.8,6960,20.2,3.199,2081,25.04,5.4,49,2.855,1.6,87516,26,40.8,3.2983061
,8568,23614,9434,1720,5.44,20.5,17835,14.9,1.418,3346,24.76,4.3,84,3.03,1.54,115633,41,38.6,3.1654845
,9551,25578,11077,1908,1.88,20.7,18340,14.3,3.377,3172,24.44,4.4,91,2.81,1.58,126247,42,38.8,3.5185058
,10257,28484,10779,2076,4.56,21.5,19849,15,5.142,3238,24.64,4.4,93,2.7,1.62,141596,42,38.9,5.0602442
,11143,42143,14659,3037,4.63,17.7,6542,17,3.18,5218,26.71,4.4,109,3.93,1.31,204573,60,39.4,2.8207552
,10905,41985,15349,2675,4.39,18.6,6799,17.6,3.963,4422,26.14,4.8,110,4.06,1.35,209195,60,40.1,3.0490235
,10540,43187,13317,2759,4.11,19.1,7137,18.1,3.757,4120,25.67,5,110,4.125,1.35,220328,61,40.6,4.3216953
,937,5247,2052,501,5.21,27.3,3126,25.2,1.262,714,24.62,8.7,19,5.09,0.98,35755,11,42.2,7.1877271
,844,5231,1922,423,4.97,28.3,3195,26.4,1.66,583,24.1,9.4,19,6.18,1.02,35987,11,43,7.3097231
,733,5179,2022,433,4.71,29.2,3340,27.2,2.376,464,23.12,9.7,19,6.725,1,36825,11,43.7,8.2837289
,11662,41012,2541,4769,2.72,23.5,20405,14.4,1.304,6426,25.49,4.8,124,2.7,1.48,254438,62,40.2,3.9885588
,11651,40820,2704,4459,5.62,24.2,21345,14.7,3.387,6059,24.82,5.1,126,3.06,1.48,257849,64,40.7,3.7341656
,10934,41572,2265,4434,2.39,24.8,24338,16,3.582,5447,24.24,5.4,126,3.24,1.49,265529,64,41.3,4.1380406
,11509,47233,6219,6050,2.35,27.3,17579,14.7,2.496,8312,26.6,5,131,2.26,1.84,252344,71,40.2,2.6356709
,11118,47213,5769,5162,2.26,27.8,16936,14.8,3.385,7368,26.12,5.2,131,2.27,1.98,257047,72,40.7,3.4873374
,10848,47386,7018,5228,2.13,28.6,17933,15.5,5.651,6453,25.12,5.6,133,2.275,2.05,255925,72,41.3,2.6375457
,21223,68571,4735,7765,3.15,27.4,37183,16.9,1.835,10940,27.12,4,196,2.93,1.72,339319,97,37.9,2.8201486
,20801,68095,4611,7112,3,28.1,37852,17.1,3.067,9497,26.5,4.3,197,3.08,1.71,350148,97,38.5,3.5505925
,20185,69067,4293,6902,2.87,28.8,41046,18.2,3.493,8832,26.08,4.5,195,3.155,1.74,365222,97,39,4.6927885
,5273,24816,8057,2195,5.32,26.2,31299,18.2,2.325,3069,26.56,3.5,63,3.47,1.47,121689,38,38,3.727057
,5461,25140,13895,2303,11.91,26.5,32031,18.2,3.345,2812,25.9,3.7,67,3.34,1.51,130097,40,38.4,4.639844
,5821,27185,6645,2582,4.46,26.8,34640,17.5,3.464,3185,25.17,3.8,72,3.275,1.53,147295,44,38.7,5.8372649
,9753,38137,8308,3944,2.89,28,54497,18.4,2.314,5131,26.57,4.1,100,3.77,1.47,195684,54,38.6,5.7466946
,9045,36926,7611,3517,2.72,28.7,53733,18.5,3.08,4381,25.78,4.4,98,3.98,1.51,196205,54,39.2,5.3352504
,8336,35622,6056,3589,2.54,29.3,56787,19.2,2.673,3747,24.8,4.6,98,4.085,1.52,200334,54,40,6.16191
,2844,10688,14033,998,12.05,29.3,9851,21.7,2.256,1400,22.69,6.5,51,6.01,1.24,63912,34,40.5,6.2268912
,2685,10734,16969,907,2.93,30,10656,22.4,3.252,1236,22.41,7,51,6.02,1.24,64940,34,41,6.2576687
,2481,10821,15322,921,11.1,30.7,11375,22.4,2.895,1043,21.75,7.2,51,6.025,1.25,70478,35,41.5,10.166467
,7316,30053,2812,3308,2.59,20.5,7238,17.3,2.646,4776,26.97,4.6,87,2.51,1.86,175355,41,39.9,2.7868634
,7048,29890,1676,3158,2.4,20.8,6933,17.8,3.322,4125,26.19,4.7,83,2.72,1.86,178175,41,40.5,3.8606809
,6474,29276,1734,2935,2.34,21.6,7408,18.4,4.244,4066,25.41,5.1,82,2.825,1.86,177651,41,41.1,3.3318097
,2895,13048,6817,971,6.77,21.2,7298,22.8,1.71,1525,24.37,5.4,47,6.33,1.1,65975,32,40.3,3.4366172
,2983,13026,9040,910,6.24,22.3,7121,22.2,2.025,1402,24.12,5.8,48,6.13,1.09,72288,32,40.9,6.3092955
,2880,13088,8537,994,5.68,23.6,7299,22.8,3.121,1304,23.36,6.3,49,6.03,1.13,76037,33,41.6,6.5873045
,696,5029,17125,445,10.52,29.5,1513,13,1.815,629,22.06,10.4,27,17.06,0.68,39449,22,45.9,9.4791189
,676,5118,19961,462,9.89,30.3,1593,13.5,3.579,618,21.45,10.8,27,16.51,0.7,41689,22,46.5,8.9322382
,618,5272,17154,418,9.39,30.8,1575,13,3.41,520,20.98,11.1,25,16.235,0.76,43550,22,47.1,9.6922694
,1388,5600,13339,525,11.4,26.6,3065,14.4,2.248,781,21.41,8.3,35,18.82,1.02,37795,23,43.4,7.3356707
,1324,5548,16727,476,10.84,27.6,3512,15.4,3.231,628,20.87,8.6,34,20.54,1.01,39352,23,44,9.197471
,1191,5526,14607,484,10.34,28.4,3549,16.4,3.489,627,20.43,8.8,34,21.4,1.08,40237,23,44.7,9.6000899
,419,1804,8383,230,7.72,33.2,979,16.4,1.106,403,17.94,11.7,14,10.89,0.87,16410,13,45.5,5.3796921
,431,1802,9298,248,7.42,32.9,976,16.3,1.501,338,17.71,12.3,13,11.01,0.86,15931,13,46.1,2.7530216
,447,1768,16085,269,7.19,33.9,973,17.9,6.144,329,17.45,12.7,13,11.07,0.85,15967,13,46.8,2.634307
,6673,15381,1723,1373,4.88,28.1,8043,15.8,1.792,2261,26.77,3.2,50,5.27,1.16,65693,22,36.2,4.615809
,6500,15696,2536,1294,15.37,28.4,8428,16.7,2.711,1959,26.27,3.4,50,5.62,1.19,67592,22,36.8,4.9846777
,6222,16320,2225,1332,4.48,29.3,9450,17.8,2.877,1847,25.11,3.6,50,5.795,1.25,74898,23,37.3,7.2516532
,18571,67099,20939,4680,5.22,19.8,16886,16.4,1.846,8288,27.12,3.7,170,4.04,1.73,298470,100,38.2,3.7550586
,18118,67328,29380,4528,2.24,20.4,16926,16.6,2.238,6997,26.68,3.9,171,4.18,1.77,307555,100,38.8,4.1030326
,17554,68419,23515,4581,4.71,21.2,18396,16.6,3.527,6598,26.06,4.1,173,4.25,1.81,327895,102,39.3,4.9351003
,2004,7707,1770,756,4.27,19.6,1234,17.1,3.168,1218,25.75,4.3,24,5.1,1.18,47249,13,40,2.8557918
,1821,7487,1605,621,4.63,20.1,1190,17.4,4.173,941,24.75,4.6,24,5.14,1.17,47110,13,40.8,2.2735759
,1614,7397,1748,613,3.7,20.6,1152,19.1,4.145,869,23.85,5,24,5.16,1.16,47471,13,41.6,2.633576
,5647,21968,3261,2149,2.97,23.7,3846,22.6,1.839,2967,25.85,5.9,67,1.37,1.54,133295,33,40.8,3.8227039
,5332,21918,2492,2019,2.84,24.4,4116,21.7,2.438,2669,25.19,6.2,66,1.36,1.6,138767,33,41.3,5.3579588
,5120,22370,1771,2025,2.72,25.1,4516,22.4,3.196,2559,24.88,6.4,64,1.355,1.6,143102,33,41.7,4.6901641
,2944,12741,14728,1108,10.76,24.5,6472,13.3,2.388,1879,24.23,5.4,53,5.7,1.71,68790,31,39,6.9260848
,2897,12988,13289,1079,11.77,25.1,6879,14,2.757,1725,23.65,5.5,54,5.63,1.71,71325,31,39.4,7.7797316
,2754,13080,14493,1059,9.81,26.4,7379,14.9,3.138,1525,23.2,5.8,53,5.595,1.77,72721,31,40,7.2069313
,8016,27390,15458,2329,5.4,22.2,10238,17.7,1.167,3876,25.03,5,99,7.43,1.11,134444,57,38.9,3.6519994
,7715,27888,14764,2310,5.09,22.5,10676,17.9,2.807,3409,24.64,5.2,99,8.22,1.19,137097,57,39.4,3.6685451
,7593,28569,24775,2324,4.98,23.8,11274,17.7,9.533,3227,24.16,5.3,99,8.615,1.27,150361,57,39.8,6.2236497
,7953,28000,22750,2901,7.01,27.6,19935,14.9,4.223,4179,25.06,5.3,107,2.55,1.4,162960,54,38.9,10.2870418
,7866,28674,24863,2887,3.2,28.6,21340,15.3,7.547,3870,24.61,5.4,108,2.7,1.45,173594,54,39.3,11.582754
,7768,29706,18821,2886,6.88,29.8,23030,15.4,5.695,3586,23.99,5.6,110,2.775,1.42,191831,56,39.6,13.806676
,1399,7384,21202,755,8.76,28.7,12549,19.4,1.607,983,21.48,7.5,41,8.4,0.96,51349,31,42.1,5.6015148
,1260,7217,17195,727,8.31,29.3,12414,19.7,2.171,875,20.66,7.9,39,9.15,0.93,51464,31,42.8,5.4474637
,1164,7046,16121,715,7.83,30.6,12798,19.9,2.798,772,19.73,8.2,35,9.525,0.93,53552,31,43.5,7.0164777
,2302,9254,4326,1124,3.25,22.1,1840,13.7,3.161,1600,24.85,4.4,28,2.84,0.82,58396,17,39.8,5.1936034
,2620,12281,4404,1193,2.61,22.3,2147,13.4,3.885,1850,24.78,4.5,32,2.58,1.01,64727,20,40,2.8283617
,2917,14275,4996,1357,2.87,23.9,2345,13.6,5.263,1892,24.5,4.8,33,2.45,1.09,73525,20,40.2,4.7665307
,15041,49157,28683,4247,8.08,24,34685,14.3,2.371,7262,26.26,3.3,139,3.43,1.66,197654,80,35.9,5.6701744
,16066,52593,30739,4363,6.62,25.1,36516,14.4,4.092,7004,25.8,3.3,148,3.47,1.65,220614,83,36.2,6.4755033
,17380,58143,31488,4933,6.84,26,39378,14.4,3.992,7178,25.17,3.3,165,3.49,1.67,253213,89,36.4,7.8883804
,5524,16989,9417,2040,9.88,28.1,14178,12,-0.481,3233,25.88,4,57,5.05,1.75,88240,37,36.7,9.9885752
,5364,17487,9161,1577,9.27,28.2,9089,13.2,0.333,2614,25.4,4.4,56,5.51,1.81,92670,37,37.5,12.4507553
,5134,18201,6514,1285,8.35,27.7,7473,15.3,-0.647,2030,24.32,4.7,57,5.74,1.79,97425,37,38.2,14.5709475
,597,2937,15934,234,21.46,31.5,511,12.9,1.89,352,20.18,17,16,7.9,1.45,26248,17,46.7,12.6435251
,591,2916,19431,189,19.56,31.8,527,14.6,2.803,294,19.99,17.2,16,7.97,1.34,26498,17,47.4,13.3882461
,543,3015,14207,197,20.77,32.8,503,14.9,2.701,266,19.1,17.4,16,8.005,1.36,27188,17,47.9,14.0653644
,311,2156,12125,214,17.09,34.2,1710,12.8,1.87,273,16.88,17.6,18,16.45,1.3,23052,19,48.1,12.4895604
,290,2222,10907,183,20.6,34.6,1411,12.8,2.777,229,16.41,17.7,18,16.65,1.28,23678,19,48.8,13.8323811
,272,2240,9942,162,16.19,35.3,1251,14.3,2.166,207,16.19,18.2,18,16.75,1.31,23918,19,49.6,14.4930645
,9898,35354,20116,2750,7.4,23.7,18432,20.9,3.027,4700,26.9,4.8,92,3.97,2.17,161407,58,37.9,4.2912882
,9675,35186,19150,2578,6.91,24.6,18626,20.8,3.737,3995,26.13,5.1,92,4.32,2.17,169924,58,38.5,6.0601705
,9590,35453,13868,2489,6.65,25,18688,21.1,3.602,3433,25.04,5.3,91,4.495,2.09,173974,58,39.1,6.0793047
,221,1455,6581,121,13.48,36,865,15.3,2.448,140,16.7,22.6,10,11.08,0.97,21802,13,52.6,14.726014
,183,1422,7496,122,16.36,36,834,15.4,3.635,125,16.05,23,10,11.2,1.93,22206,13,53.2,15.8768042
,159,1368,7924,116,13.1,36.8,829,14.8,4.513,107,15.01,23.3,10,11.26,1,22473,13,53.5,16.4976034
,1094,4240,20484,390,11.72,33.2,2329,17.6,2.07,638,20.35,15.5,25,10.15,1.38,45489,21,47.4,10.8356038
,1052,4248,17874,356,11.32,33.8,2497,16.9,4.054,627,19.91,16,25,10.19,1.34,46065,21,48,11.0697118
,1004,4219,19017,338,11.02,34.5,2627,17,5.327,468,19.21,16.3,25,10.21,1.33,46779,21,48.5,11.8840416
,1081,6302,10227,553,11.61,29.6,3132,18.4,3.498,871,22.13,11.3,20,6.09,1.87,45159,18,43.5,10.2081801
,993,6417,11746,552,11.14,30.5,3113,18.8,4.038,738,21.51,11.6,20,6.13,1.79,45147,18,44.2,10.8629983
,910,6469,11958,523,10.76,31.6,3319,19.8,4.741,610,20.56,11.7,20,6.15,1.79,46294,18,44.6,11.746988
,198,1086,16930,115,22.82,36.8,603,10.8,2.087,207,13.92,20.4,13,30.47,0.72,16379,13,52.4,14.4118723
,182,1125,14298,98,24.79,36.9,631,10.9,2.977,191,13.3,20.5,13,27.52,0.66,16613,13,52.7,14.8400656
,163,1097,13550,115,21.87,37.6,677,12.4,2.924,143,13.19,20.6,13,26.045,0.58,16688,13,53.2,14.9265905
,6644,18322,14896,1828,5.47,25.6,5938,17.6,3.067,2901,26.18,5.8,62,3.47,1.46,110979,35,39.2,8.0538525
,7033,19371,13324,1913,5.12,26,5915,16.9,4.102,3005,25.65,6,64,3.54,1.46,123067,36,39.6,9.1997698
,7649,21028,11253,1934,4.81,26.7,6108,17.7,3.717,3033,25.18,6.2,66,3.575,1.54,126874,37,40,7.8459572
,165,848,8518,86,24.41,39.9,769,13,1.923,123,12.39,24.6,10,17.79,0.71,13015,14,52.5,13.6306324
,156,802,8710,84,24.07,40.2,775,13.8,2.543,132,11.71,24.7,10,17.95,0.68,13108,14,53.1,14.9604256
,160,765,8122,77,24.04,40.9,759,13.8,2.16,111,11.73,24.2,10,18.03,0.69,13435,13,53.4,15.7838651
,4229,19647,14368,1667,7.73,29.7,4540,17.1,2.751,2624,24.87,7.9,52,4.61,2.31,113571,45,40.5,6.2009101
,4169,19689,13666,1571,7.38,30.3,4866,17.2,3.669,2296,24.41,8.2,52,4.62,2.49,114935,45,41,6.2749735
,4217,20019,10644,1468,7.08,30.5,5108,17.2,3.303,2161,23.26,8.6,51,4.625,2.52,118859,44,41.5,7.581118
,586,2179,11776,276,17.56,35,2285,10.5,3.063,389,18.04,18.2,22,10.94,0.92,27064,17,48.6,11.9067769
,575,2215,10862,249,18.54,35,2416,11.5,3.342,385,17.21,18.2,22,12.48,0.89,27531,17,49.2,12.3328238
,544,2280,10945,218,16.63,35.6,2702,11.7,3.498,334,16.47,18.4,21,13.25,0.88,27574,17,49.5,12.3103832
,17817,57593,19963,5835,5.56,26.2,16226,17.7,2.423,8574,25.43,5.8,194,3.38,1.83,321469,108,40,5.3584361
,17609,57188,16507,5265,5.24,26.7,15625,18.2,2.807,7515,24.75,6.2,197,3.41,1.84,334002,110,40.7,7.088752
,17533,58415,15009,4928,4.98,27.1,15354,18.6,0.188,6922,23.58,6.5,198,3.425,1.84,343978,110,41.2,7.5554098
,2209,7931,5722,723,7.49,28.7,4333,15.1,1.018,1059,24.42,8.8,30,10.13,1.57,48844,20,42,8.1292555
,1993,8135,4961,589,7.33,29.6,3692,16.2,2.387,845,23.74,9.3,30,10.31,1.74,49076,20,42.8,9.1605738
,1788,8333,4591,546,7.23,30.3,3800,17.8,2.309,641,22.6,9.8,30,10.4,1.66,51096,20,43.5,11.0616003
,188,1644,12119,184,20.31,33.7,529,12,1.971,228,15.36,18.4,15,14.11,0.83,19850,17,51.4,10.8826434
,165,1645,11647,115,13.67,34.2,555,12.3,2.076,188,13.98,18.7,15,14.34,0.86,19991,17,52,11.465899
,142,1598,10235,138,19.69,35.2,549,12.6,2.016,176,13.56,19.1,15,14.455,0.82,20487,17,52.6,12.6204896
,1034,3657,8633,319,17.46,31.8,3703,19.2,2.414,474,20.37,14.3,21,7.25,1.09,27588,16,44.3,9.1962346
,989,3704,8127,282,16.82,32.1,3615,18.8,2.964,387,19.54,14.3,21,7.33,1.2,28111,16,45,10.9566044
,871,3713,7203,212,16.17,32.4,3597,21.7,2.408,307,18.78,14.7,21,7.37,1.18,28145,16,45.7,11.248108
,412,1641,13005,123,25.88,36,427,11.8,1.985,178,17.24,21,12,9.94,1.14,18107,13,50.8,13.5456455
,328,1591,12505,108,21.25,36.4,407,13.4,3.276,160,16.52,21.1,12,9.96,1.1,18187,13,51.4,13.834273
,328,1534,11072,121,25.03,36.9,418,13.3,2.87,150,15.56,20.9,12,9.97,0.97,18272,13,51.8,13.9412208
,278,1344,16877,122,24.83,38.2,511,10.5,2.234,174,13.19,24.7,17,12.49,0.87,22794,19,53.9,15.1724908
,300,1256,20176,147,24.44,38.5,542,10.9,3.526,123,12.4,24.7,17,12.77,0.87,23103,19,54.5,16.1354726
,269,1269,20313,129,24.38,39.2,542,12.1,3.259,125,11.81,24.7,17,12.91,0.85,23249,19,55,16.9767525
,4560,12623,12102,1541,7.33,32.4,8449,14.4,3.581,2509,23.85,6.3,67,5.43,1.23,86957,31,39.8,6.712511
,4525,12565,10337,1341,7.34,33.1,9194,15,5.014,2091,23.33,6.6,67,5.78,1.28,90340,31,40.2,8.160257
,4410,12992,9416,1283,6.81,32.8,10977,14.8,4.635,1859,22.76,7,64,5.955,1.27,92790,31,40.6,8.3202419
,3381,11947,27379,1130,8.98,32.7,9476,17.1,2.143,1627,22.92,10.3,62,7.32,1.38,97285,43,43.9,9.7265397
,3297,11757,24070,1035,8.65,33.5,10188,17.2,2.479,1364,22.35,10.7,62,7.37,1.39,100224,43,44.5,11.0740429
,3171,11785,25432,1127,8.43,33.8,11296,17.4,2.692,1251,21.58,11,62,7.395,1.34,106584,43,44.9,13.6265286
,234,1291,7451,127,16.77,31.2,1812,12.9,2.339,205,15.99,14.7,10,14.6,0.67,13736,9,48.4,11.2087912
,163,1233,8714,118,16.61,32.1,1757,13.7,3.628,171,15.86,15.3,10,14.81,0.74,13833,9,49.2,11.8748806
,170,1189,7074,111,16.33,33,1704,14.8,3.5,141,15.98,15.9,9,14.915,0.7,13739,9,49.9,11.7257774
,10366,26891,15345,2618,8.03,30.2,5601,17.7,2.44,4286,25.81,3.8,99,2.62,2.01,133737,48,36.4,7.5162856
,10454,26881,14728,2470,7.69,30.4,5449,18.1,2.798,3727,25.42,4,101,2.84,2.08,142140,48,37,9.5956801
,10424,27681,12620,2326,7.37,30.4,5190,18.9,1.947,3360,24.4,4.3,103,2.95,1.97,143992,50,37.6,8.7092418
,114,499,12254,61,18.72,36.4,616,10.5,2.523,101,13.52,21.1,8,20.69,0.33,10650,7,54.6,11.5228047
,111,506,14175,77,18.35,37.5,565,11.3,4.488,100,13.43,21.5,8,20.65,0.33,10855,7,55,12.0696638
,90,496,10396,67,18.06,38.3,546,11.1,3.631,81,12.37,21.6,8,20.63,0.33,10936,7,55.4,12.2381831
,2046,6228,22704,688,13.15,30.5,1998,17,2.108,1123,21.83,11.6,36,5.62,0.89,54798,29,44.3,10.7379052
,2145,6449,23808,641,12.87,31.4,2160,17.2,2.307,1066,21.67,11.8,38,5.6,0.95,57293,29,44.7,12.6418029
,2208,6586,18942,592,12.51,31.6,2376,16.7,2.287,1017,20.93,12.2,38,5.59,0.93,57455,28,45.2,12.7433709
,892,2974,18042,285,14.61,31.4,655,13.1,2.622,442,20.6,15.9,26,17.4,1.15,29493,17,48.3,10.1316351
,890,2918,16354,245,14.53,32.1,632,14.6,2.812,390,19.53,16.5,26,16.37,1.13,29857,17,49,11.1054872
,800,2907,14021,215,14.25,33,673,16.7,3.453,301,18.55,17.1,26,15.855,1.14,30090,17,49.7,11.7362354
,221,1003,18670,123,18.41,33.2,270,10.5,2.511,181,13.6,19.2,17,11.93,0.39,15035,14,52.8,10.877297
,175,994,21137,88,17.98,34,302,11.1,2.6,167,13.51,19.8,17,12.03,0.39,15313,14,53.4,12.4971429
,172,995,17119,81,17.67,34.3,307,10.9,2.808,153,12.9,20,17,12.08,0.4,15276,14,53.9,12.4383813
,1360,4093,25141,349,16.04,32.8,902,13.3,2.085,510,19.45,16.5,36,9.82,1.06,42553,28,48.7,10.5503237
,1329,4033,29573,325,15.72,33.7,913,12.7,3.262,447,18.91,17,35,9.91,1.11,43149,28,49.3,11.5364113
,1302,3973,24314,337,15.31,34.1,940,13.1,3.068,456,18.23,17.3,35,9.955,1.08,43082,28,49.8,11.5776943
,212,1249,14106,155,16.62,32.6,1681,13.4,2.026,303,15.16,15.3,16,8.85,0.62,16582,12,50.3,9.8265267
,212,1225,12754,157,16.3,33.4,1708,12.3,3.946,273,14.73,15.7,15,8.86,0.66,16679,12,50.8,10.2604111
,189,1215,9287,184,15.96,34,1651,11.6,3.407,252,14.44,15.9,15,8.865,0.58,16919,12,51.4,10.9057399
,2340,8174,32227,729,11.34,32.2,1335,12.2,3.142,1330,22.61,11.3,41,9.48,1.39,65585,30,44.2,10.3123376
,2413,8235,29799,668,11,33,1465,13,3.179,1185,22.22,11.9,41,9.62,1.47,66721,30,44.9,11.5047417
,2279,8655,21733,603,10.84,34.1,1533,14.9,3.119,947,21.86,12.4,41,9.69,1.53,67743,30,45.7,12.5626
,157,1210,11511,155,14.34,38,921,11,3.436,163,16.34,21.4,11,7.68,0.79,17978,9,52.6,12.2125104
,147,1205,10759,140,14.27,38.3,946,11.2,4.6,208,15.77,22,11,7.79,0.8,18094,9,53.1,13.2015734
,135,1170,12541,130,14.11,38.7,996,11.5,3.108,152,14.88,22.3,11,7.845,0.71,18244,9,53.3,13.9190337
,128,543,12173,68,21.76,34.6,216,10.7,2.141,74,14.41,20.2,8,28.23,0.45,8111,6,52.6,11.673745
,110,553,17102,46,21.39,35.5,217,9.4,2.741,80,13.28,20.8,8,28.61,0.46,8201,6,53.1,12.6251864
,109,523,11099,54,20.94,36.2,206,10,2.7,63,12.9,21.1,8,28.8,0.35,8209,6,53.5,12.7073586
,1190,4998,13292,448,10.2,31.3,1040,12.1,2.336,611,23.21,12.2,26,9.15,1.6,42591,18,45.9,9.5809273
,1165,4982,12609,404,9.99,31.6,1097,12.6,2.654,535,22.24,12.6,27,9.23,1.61,42516,19,46.5,9.1751939
,1027,4927,12202,387,9.87,32,1175,13.4,3.158,506,21.54,13.2,27,9.27,1.56,42343,19,47.1,8.9358682
,763,3535,20443,446,12.45,32.8,3092,14.4,3.258,631,20.82,14.6,23,6.96,0.87,41910,18,47.7,11.4664751
,724,3573,18823,400,12.17,33.8,3546,15.2,3.654,584,19.89,14.9,23,7.95,1.03,43180,18,48.2,12.4652841
,727,3553,17176,387,11.81,34.7,3375,15.5,2.959,499,19.44,15.3,23,8.445,0.93,43795,18,48.6,12.8804456
,270,1437,12299,143,18.08,33.8,522,12,3.474,238,16.82,20.3,13,13,0.71,21375,11,51.6,13.2437698
,249,1377,14335,169,17.71,33.8,533,14.1,3.893,231,16.09,19.7,13,12.18,0.67,24169,11,51.1,17.548528
,432,1326,12041,235,17.67,33.4,537,14.7,3.194,310,15.35,18.4,14,11.77,0.88,26146,11,49.5,16.5704075
,110,291,649,46,7.87,41.3,145,6.9,3.618,38,12.7,10,6,40,0.2,2964,4,48.1,4.6945338
,117,284,646,43,8.17,40.3,151,7.3,3.895,32,12.04,10,6,40.1,0.2,3044,4,48.7,4.6664579
,118,290,706,50,8.26,42,182,3.8,4.382,32,11.45,10.7,6,40.15,0.2,2996,4,49.1,4.0051266
,245,2174,11513,259,15.34,36,1236,10.4,2.567,303,18.09,16.9,15,13.53,1.08,23196,13,47.6,14.0092678
,266,2094,10876,224,14.99,36.5,1363,11.8,3.215,264,17.54,17.3,16,13.73,1.1,23535,13,48.2,14.919384
,255,2039,9846,238,14.79,37.1,1502,12.4,3.001,244,17.17,17.6,16,13.83,1.02,23736,13,48.7,15.8983808
,212,1285,22157,190,18.87,35.9,708,10.4,2.296,265,14.15,23.1,15,11.11,0.39,26045,17,55.3,12.9773798
,182,1250,25030,151,18.61,36.6,606,10.9,3.722,221,13.62,23.5,15,11.22,0.41,26229,16,56,13.6948439
,170,1209,25968,141,18.45,37.4,635,11.3,3.24,240,12.92,23.7,16,11.275,0.34,26230,16,56.4,14.0338228
,300,1148,14974,141,16.88,35.2,1039,11.6,2.169,163,18.5,20.1,15,11.48,0.67,20527,11,52.4,15.6932808
,279,1153,13946,120,16.43,36.1,1020,12.3,3.395,143,17.49,20.8,15,11.54,0.74,21014,11,53.1,16.8815758
,305,1119,18005,130,16,36.4,1072,12.2,3.103,146,16.8,21,14,11.57,0.67,21536,11,53.9,18.0517504
,216,688,11805,113,18.9,35,251,13.3,2.346,118,14.36,18.6,8,26.61,0.53,12081,8,53.3,12.1254001
,230,657,13911,91,18.86,35.6,195,13.5,3.686,128,13.94,19.2,8,26.92,0.42,12244,8,53.7,13.0150611
,216,623,14077,87,18.67,36.9,203,15.2,3.526,84,13.03,19.4,8,27.075,0.51,12428,8,54.3,14.1000829
,2023,6992,10179,949,11.63,30.8,4131,16,2.38,1307,22.09,6.2,34,5.68,1.6,40970,21,39.2,9.793474
,1973,7001,10111,807,11.19,31.5,3973,17.5,3.658,1039,21.85,6.5,33,5.79,1.56,41260,21,39.9,10.1363419
,1837,6969,7914,657,10.77,32,3961,18.8,3.296,876,21.04,6.7,33,5.845,1.52,42113,21,40.6,10.6848211
,8845,26552,21299,2599,5.71,26.7,5255,18.3,2.327,4088,24.38,7,115,3.68,1.49,185782,65,41.7,8.153297
,8680,26717,25406,2430,5.42,27.5,5384,18.4,2.047,3511,23.98,7.5,115,3.89,1.55,188384,64,42.3,8.8972928
,8415,27068,20992,2265,5.24,28.2,5932,18.6,2.042,3109,23.09,8,115,3.995,1.49,194123,65,42.9,10.0924442
,8548,31571,6622,2182,8.07,26.2,10907,16.2,3.455,3963,25.68,4.3,93,1.98,2.35,134996,45,35.8,5.513288
,8559,31279,9824,2080,7.7,27.2,12154,17.1,4.697,3252,24.94,4.4,91,1.98,2.34,138251,45,36.3,5.7985432
,8418,31252,5521,1950,7.28,27.4,12954,18,5.474,2935,24.44,4.6,90,1.98,2.35,140371,45,36.9,6.0391049
,3923,12692,2605,989,5.07,26.5,1460,14,2.498,1416,26.77,6.9,45,3.64,2.44,74729,22,41.1,5.8342469
,3980,12820,2300,926,4.93,27.3,1401,14.6,5.232,1298,25.61,7.2,45,4.58,2.49,75784,22,41.6,6.4579836
,3957,13118,3082,837,4.78,27.7,1418,15.2,6.226,1165,24.26,7.5,44,5.05,2.56,76688,22,42.1,6.5202287
,893,3229,1323,452,4.32,39.6,1254,11.7,2.601,559,24.32,8.2,17,15.66,3.09,32210,10,43.9,6.1015072
,844,3165,1444,450,4.25,39.7,1338,12.5,3.588,524,23.24,8.5,17,16.76,3.22,33266,11,44.3,6.9794754
,917,3211,2226,378,4.19,39.7,1872,13.6,5.153,460,21.44,8.8,18,17.31,2.77,34905,11,44.5,10.4104104
,6738,24025,3773,2190,5.07,29.3,4597,15,2.161,3437,24.61,6.2,106,3.85,2.11,150634,46,39.7,5.4501403
,6505,23464,3344,2153,4.81,29.9,4752,15.5,3.503,3035,23.88,6.6,105,3.87,2.17,154667,46,40.3,6.5569116
,6557,23808,3715,2178,4.5,30.6,4873,15.5,4.139,2796,22.53,6.9,106,3.88,1.96,158154,46,40.8,6.6927043
,4688,17578,1694,1655,4.64,29.9,1702,16.8,2.992,2205,24.23,5.4,60,2.91,2.65,101978,30,39.5,5.4200441
,4766,17461,1529,1532,4.49,30.9,1634,17.8,3.887,2011,23.63,5.7,60,3.26,2.63,103503,30,40,5.8901083
,4760,17233,1792,1289,4.31,31.3,1698,18.3,5.711,1749,23.03,6.1,56,3.435,2.53,104649,30,40.7,6.6450784
,1744,5036,370,830,1.53,37.7,1124,10.8,4.203,879,24.65,9.6,16,2.56,0.89,42045,11,45.1,4.8863251
,1675,4758,602,732,1.53,39,1118,11.7,3.837,707,23.83,10.1,16,2.62,0.85,41877,11,45.8,4.5146727
,1625,4570,461,667,1.53,40.2,1320,12,4.295,613,23.01,10.4,16,2.65,0.84,42387,11,46.4,5.0236393
,9890,32870,1273,2786,2.82,25,8619,12.7,3.519,4504,25.6,5.4,85,2.03,1.54,179685,54,39.7,3.1645263
,9887,32135,1853,2521,2.63,26,8464,13.6,4.381,3706,25.03,6,83,2.08,1.64,179539,55,40.4,3.1863379
,9437,31660,1989,2379,2.57,26.9,9009,13.8,4.495,3041,24.26,6.5,81,2.105,1.71,181128,55,41.1,3.1053907
,4885,11367,10007,1509,8.04,22.2,5317,9.6,4.397,2321,22.4,5.3,44,2.75,1.34,75593,29,39,9.4477719
,5758,13365,13445,1772,7.64,23.3,5515,9.8,4.231,2652,22.09,5.2,45,2.47,1.32,90122,32,38.8,11.1958535
,6051,14974,8001,1704,7.29,23.7,5802,10.4,4.179,2832,22.63,5.4,45,2.33,1.48,91215,32,39.1,7.8142844
,5631,16891,4795,1978,2.62,26.6,1788,11.6,3.712,2806,23,8.1,63,2.85,1.03,115006,32,42.6,5.3152426
,5567,17060,4279,1753,2.49,28,1827,12.5,4.546,2441,22.41,8.7,62,2.86,1.06,118194,32,43.2,6.140114
,5435,17150,3180,1725,2.45,28.8,1887,12.6,4.918,2202,21.91,9,61,2.865,1.09,121847,32,43.7,6.064157
,7967,23860,2486,2126,3.75,26.7,4847,13.5,3.704,3575,24.28,5.5,76,2.72,1.42,135041,38,39.5,3.8155814
,7488,23118,3223,2077,3.46,27.5,4826,13.4,4.378,3022,23.87,5.9,74,2.95,1.4,140387,37,40.1,5.0573158
,7729,22867,2880,1984,3.3,28.1,5127,13.6,4.092,2785,23.14,6.3,76,3.065,1.36,141295,38,40.7,4.3649827
,1427,6628,480,946,1.8,29.8,2474,17.9,3.544,1113,23.14,8.8,24,2,0.87,54530,17,44.6,3.3447365
,1403,6161,487,771,1.76,30.8,2387,19.3,4.304,864,22.58,9.5,24,2.6,0.86,54424,17,45.5,3.4093531
,1313,6003,524,766,1.8,31.6,2424,19.7,4.877,667,21.89,10.1,24,2.9,0.86,54338,17,46.3,4.534514
,6469,24717,1625,1572,3.03,21.3,1539,11.5,4.405,2400,27.16,6.1,55,3.13,2.12,133183,34,40.7,3.9049028
,6348,23967,2631,1403,2.91,22,1532,11.7,5.537,1977,26.37,6.4,54,2.96,2.19,133564,34,41.3,3.9805609
,6105,23630,2039,1314,2.84,22.9,1640,12.4,7.168,1714,25.45,6.9,54,2.875,2.26,134191,34,41.9,4.1629767
,852,4172,303,469,2.47,36.7,785,11.4,4.209,700,25.5,9.6,12,13.8,3.63,25971,10,44.1,6.820465
,810,4144,300,363,2.5,37.6,773,10.5,4.619,577,24.64,9.9,12,13.93,3.73,25788,10,44.4,8.0608934
,780,4306,350,428,2.54,39.1,824,10.2,5.408,546,23.93,9.6,12,13.995,3.88,26597,10,44.1,8.1404987
,3121,10126,1440,991,3.46,28.4,2346,20.4,2.869,1365,22.46,6,34,5.71,1.35,61796,21,40.3,5.2426589
,2862,9577,1322,842,3.34,29.5,2303,21,3.083,1118,22.14,6.5,33,5.89,1.36,60584,21,41,5.074973
,2631,9237,1231,807,3.21,30.6,2275,21.9,2.685,937,20.92,6.9,32,5.98,1.34,61367,21,41.8,6.0359215
,2967,12000,1396,1178,3.19,35.3,3874,18.9,2.953,1666,23.66,7.3,38,5.53,0.97,77569,23,40.9,5.1712124
,2772,11794,3323,1039,3.03,36.6,4210,19.8,2.873,1409,22.9,7.7,38,5.21,0.98,76777,23,41.5,4.499092
,2403,11558,2578,983,2.89,37.4,4718,19.5,2.714,1182,21.92,8.1,37,5.05,0.93,78580,23,42.1,6.2458987
,8180,27218,2667,2624,2.71,29.8,3368,19.7,3.452,4069,25.43,4.2,81,2.24,1.76,146366,38,38.6,4.5679785
,8155,26732,2012,2584,2.58,30.7,3327,19.6,3.336,3522,25.03,4.6,81,2.26,1.78,147097,38,39.1,4.5388764
,7866,26789,2386,2446,2.48,31.6,3455,19.8,3.72,3078,24.09,4.9,81,2.27,1.83,149952,39,39.6,4.7984255
,7627,23195,4866,2320,4.72,31.4,5885,18.6,4.217,3647,25.2,2.9,73,4.37,1.52,107888,37,35.9,6.5168228
,7364,23055,4175,2126,4.48,32.3,6091,18.4,3.883,3375,24.58,3.1,74,4.31,1.52,113276,38,36.3,6.9876669
,7387,23219,4478,2107,4.19,33.2,6193,18.4,3.729,2876,23.67,3.3,76,4.28,1.52,114934,38,36.9,6.6844203
,4026,13400,1214,1212,2.62,26.8,1562,18,2.494,1689,24.93,7.3,43,2.77,1.41,80574,27,42.1,4.7993762
,3914,13082,1110,1106,2.52,28.1,1500,18.7,2.887,1427,24.24,7.8,43,2.41,1.39,81427,27,42.7,5.3845528
,3725,12650,1465,1034,2.44,29.4,1543,19.8,2.811,1264,22.97,8.2,43,2.23,1.42,81931,27,43.4,5.6779066
,2334,5619,9997,839,7.71,23.3,5431,8.6,3.596,1601,22.69,4.9,16,2.75,0.81,33041,18,37.9,5.0955048
,3089,6962,4472,905,7.46,23.6,5265,9.6,6.813,1731,22.38,4.8,19,2.56,1.09,37268,18,37.6,6.2581749
,3383,8025,3116,851,7.45,24.5,5247,10.5,5.14,1607,22.69,5,20,2.465,1.29,39541,17,37.7,6.9929905
,2912,9782,3001,1004,2.45,31.4,3963,12.8,3.888,1275,24.32,7.4,27,3.27,1.6,80635,23,42.9,7.6589215
,2908,9690,1268,974,2.32,32.3,4120,13,6.723,1204,23.93,7.8,28,3.27,1.6,82427,23,43.5,7.473761
,2900,9916,2741,930,2.22,33.3,4433,13,5.995,1080,23.61,8.4,28,3.27,1.63,83959,22,44,7.2972794
,3460,9963,6817,982,9.27,22.8,2095,13.8,3.836,1960,25.74,6.6,33,4.42,1.15,54029,21,39.2,6.080623
,3609,10375,6868,832,8.47,24.4,1998,14.6,7.004,1636,24.82,7.1,35,4.33,1.19,57542,21,39.8,8.8486884
,3498,10937,6028,772,8.13,25.6,2035,15.4,6.846,1368,24.65,7.4,35,4.285,1.16,58705,21,40.4,7.2546882
,3151,12206,1191,1153,2.76,27.9,3845,12.5,4.87,1718,24.67,7.1,25,3.59,1.15,99806,21,42.4,9.2730463
,2970,12130,730,1023,2.69,28.7,5007,13.3,6.85,1439,23.87,7.6,26,3.65,1.19,100948,21,42.9,9.8437081
,2916,12330,787,1065,2.65,29,5718,12.9,6.065,1295,23.21,7.9,26,3.68,1.16,106627,21,43.1,11.1634146
,917,2570,242,385,2.78,34.6,1515,14,2.943,436,23.25,12.9,10,4.45,0.88,30089,8,47.3,8.8433107
,820,2456,246,361,2.77,35.7,1502,15.1,5.365,373,22.03,13.4,10,4.5,0.91,30842,8,47.9,9.736896
,756,2505,206,384,2.73,36.8,1714,16.3,5.355,321,21.97,13.8,9,4.525,0.81,31508,7,48.4,11.2450704
,4096,12144,840,1237,2.64,23.9,920,10.7,4.637,1737,26.26,6.9,34,2.93,1.84,84217,22,42.8,5.1706471
,3895,12486,938,1088,2.47,24.5,945,11,6.932,1458,25.77,7.3,33,2.96,1.88,87052,22,43.2,6.0947984
,3634,12547,711,1064,2.44,25.2,937,11.8,6.754,1297,24.77,7.7,32,2.975,1.95,89354,22,43.8,6.9926722
,5554,15696,1006,1914,3.09,31.7,2324,10.8,4.48,2692,23.43,7.9,48,2.12,1.54,131528,32,42.9,8.4098743
,5297,15375,1092,1819,3.07,33,2284,11.2,5.906,2288,22.86,8.3,47,2.42,1.55,135673,32,43.3,9.159508
,5057,15439,722,1741,2.97,34.1,2462,12.1,5.404,2018,22.54,8.7,45,2.57,1.51,135427,32,43.9,9.1825376
,4507,13744,837,1668,2.71,23.5,1602,14.3,3.304,2417,24.58,7.2,34,2.9,1.33,104343,27,41.6,4.1387991
,4542,13403,608,1357,2.6,24.5,1829,14.8,4.78,2113,23.9,7.8,36,2.97,1.35,104480,27,42.3,4.7766608
,4434,13114,642,1238,2.41,25.3,2314,14.8,4.652,1797,22.98,8.4,37,3.005,1.33,104275,27,43,4.6628571
,3496,8767,1216,1209,2.98,28.3,4825,13.3,3.06,1682,22.86,7,31,1.72,0.83,74285,21,42,3.7921075
,3320,8431,785,1106,2.79,29.6,4912,14,5.273,1437,22.28,7.5,31,1.75,0.83,75312,21,42.7,4.1087867
,3081,8349,648,998,2.68,30.7,5181,15.1,4.625,1245,21.54,8.1,31,1.765,0.81,75574,21,43.4,4.1389195
,4510,14661,1164,1738,2.64,26.3,4363,13.1,2.687,2398,24.13,7,45,1.49,1.35,112348,27,42,6.0022423
,4307,14394,1477,1697,2.53,27.2,4131,13.7,4.408,2065,23.47,7.5,45,1.8,1.37,114558,27,42.7,5.9975219
,3996,14621,781,1505,2.47,28.4,4271,15.1,3.744,1828,22.66,8.1,44,1.955,1.34,116840,27,43.3,6.3609479
,1117,3819,335,476,2.35,34.4,1580,12.7,3.357,574,23.82,11.3,11,3.54,1.01,38965,11,46.1,8.4167724
,1022,3694,430,435,2.34,35.3,1673,12.3,5.74,458,23.61,11.8,10,4.54,0.98,38735,11,46.6,8.1216348
,1007,3756,599,420,2.23,35.9,1843,12.3,5.153,426,22.85,12.3,10,5.04,0.98,39584,11,46.8,8.3364209
,2078,6331,633,983,2.02,29.4,1259,11.2,4.553,1263,24.65,7.4,20,1.67,1.63,62169,10,44.4,8.2430558
,2142,6154,1072,884,1.97,30.7,1265,11,7.756,1082,24.11,7.7,22,1.67,1.63,64543,10,44.8,8.7460589
,2038,6153,381,856,2,32.5,1320,12.2,6.539,955,23.08,8.2,22,1.67,1.56,66107,10,45.4,9.5329328
,1787,9425,728,1030,2.65,25.6,765,10.6,4.631,1478,24.45,6.9,17,1.93,1.4,66576,16,42.9,6.5967059
,1684,9440,1180,960,2.64,26.9,777,10.5,6.902,1278,24.07,7.3,17,1.93,1.35,68314,16,43.3,6.3973802
,1681,9498,1022,904,2.5,27.9,785,10.8,6.093,1264,23.81,7.8,17,1.93,1.36,68929,16,44,5.7162007
,1057,4163,407,521,2.19,32,1664,12.4,2.416,619,21.86,11.7,15,4.75,0.68,46285,14,45.8,7.8134959
,967,4086,820,436,2.12,32.5,1592,13.6,4.885,469,21.37,12.4,14,5.67,0.7,46222,14,46.3,8.2933217
,925,4051,439,413,2.1,33.6,1595,14.7,3.694,404,20.58,13.3,13,6.13,0.67,46334,14,47,8.5410868
,170,1448,79,214,2.32,42.1,1699,11.1,3.55,211,23.32,11.7,4,8.85,1.39,16590,4,46.8,11.7928541
,189,1396,96,224,2.24,43.1,1633,12.8,4.505,174,22.74,12,4,13.57,1.49,16893,4,47.5,12.544005
,189,1364,69,184,2.18,43.7,1844,13.4,4.573,163,21.6,13,4,15.93,1.36,17016,4,48.3,13.1881026
,5482,20869,1343,1760,3.04,23.8,3990,11.7,7.415,2845,25.44,6.9,42,2.38,1.56,139128,33,41.6,6.0555315
,5092,20391,1165,1576,2.91,25,3904,12.5,9.054,2275,25.03,7.4,40,2.43,1.59,139613,33,42.3,6.4757503
,4866,20170,1091,1456,2.85,25.8,4039,13.2,7.948,2084,24.39,7.9,40,2.455,1.56,141002,33,42.9,6.3277684
,4318,24190,1339,3032,2.04,29.7,5025,9.8,3.821,4122,28.06,3.8,41,4.41,3.66,176135,33,39.9,7.5173797
,4156,24371,1312,2677,1.98,30.3,4888,10.1,4.94,3456,27.3,4.1,38,5.03,4.04,173282,33,40.4,6.7799984
,4026,24858,2593,2519,1.94,30.9,5089,10.8,6.423,2940,26.07,4.3,40,5.34,4.17,171431,33,40.8,8.0221909
,4476,20448,3050,2399,1.61,24.7,4303,14.2,3.127,3293,25.21,4.7,35,2.03,1.63,116063,26,41.1,2.7614172
,4506,20161,1759,2427,1.48,25.5,4136,14.3,4.116,2968,24.01,5.1,35,2.29,1.53,120940,27,41.6,5.3736855
,4309,19831,1013,2371,1.51,26.5,4347,15.1,5.694,2659,23.79,5.4,35,2.42,1.49,122718,27,42.2,6.6094381
,2105,11225,501,1500,1.47,29.2,3509,14.3,2.395,1965,25.38,7.6,24,3.36,0.71,93623,14,43.3,3.1509584
,1887,10878,457,1436,1.42,30.7,3523,14.7,3.697,1772,24.84,8.1,23,3.7,0.7,94526,14,43.9,2.4670594
,1692,10654,964,1344,1.39,32,3751,15.6,5.131,1344,23.86,8.5,23,3.87,0.68,95097,14,44.5,2.2791964
,5858,27048,1252,4111,2.19,27.4,6619,13.8,3.244,5456,24.87,5.2,52,2.35,1.19,184422,36,40.5,4.2097991
,6084,26594,1716,4069,1.97,29.4,6564,14.5,5.476,4800,24.18,5.4,53,2.33,1.18,188176,36,41,3.658574
,6023,26949,1123,3835,2.04,31,6662,15.9,5.948,4260,23.56,5.7,56,2.32,1.18,190525,36,41.5,3.4930428
,4385,16883,747,3537,1.48,45.1,18756,14.3,2.674,3561,24.25,4.5,36,1.97,0.9,123911,22,40.7,1.0161124
,4147,16227,1465,3205,1.29,46,17632,15.6,4.045,2931,23.52,4.7,35,2.19,0.9,124170,22,41.2,0.7330898
,3830,15768,560,3090,1.27,47.6,18083,16.8,4.757,2582,22.69,4.9,36,2.3,0.9,125148,22,41.5,0.4359725
,3174,15327,486,2285,1.71,36.4,14889,14.3,3.182,2767,26.27,4.3,36,2.52,1.2,82691,22,40.2,1.2762655
,3139,15029,503,2082,1.67,37.1,14595,14.8,4.343,2347,25.38,4.6,36,2.52,1.24,84316,22,40.6,1.1500991
,3050,15016,568,2164,1.58,37.9,15504,14.8,5.679,2197,24.5,4.8,36,2.52,1.21,85638,22,41,0.8888272
,3482,19143,791,2674,2.53,26.8,32049,15.8,2.439,3736,25.12,5,36,3.11,0.98,120431,24,41.5,2.4842306
,3271,18965,816,2460,2.43,27.5,30817,16.6,3.723,3139,24.61,5.4,36,3.65,1.05,121684,24,42.2,2.5530143
,3108,18820,1069,2286,2.37,28.3,33989,18.1,5.291,2658,23.83,5.7,34,3.92,1.06,124569,24,42.9,3.0161239
,1666,9189,942,1324,1.66,34,19268,17.6,2.411,1595,23.41,6.2,17,2.55,0.89,58938,17,42.6,0.7109164
,1767,9030,711,1439,1.56,34.5,18337,18.2,3.913,1498,22.04,6.3,18,2.55,0.91,62314,18,43,1.1281238
,1716,8883,885,1269,1.51,35.9,20104,18.9,4.691,1314,21.21,6.7,18,2.55,0.95,65244,18,43.6,1.8252404
,7255,29482,1341,2778,2.47,23.3,3631,19.6,2.885,4176,25.89,6.4,67,2.47,1.4,189013,42,40.4,2.7225519
,6867,28364,853,2420,2.42,24.3,3672,20.4,4.35,3494,25,6.9,68,2.71,1.4,187025,42,41,2.4580417
,6639,27558,827,2240,2.3,25.3,4408,21.7,4.638,2851,23.79,7.4,68,2.83,1.37,186533,42,41.6,2.5647321
,3027,16760,558,1636,1.96,22.6,2052,18,2.609,2249,24.09,6.4,30,3.45,1.07,104170,23,42.4,2.6894226
,2929,16242,516,1543,1.86,23.4,2068,18.7,3.416,1906,23.46,6.8,29,3.49,1.05,104752,23,43.2,2.8130335
,2686,15962,1040,1471,1.77,24.4,2236,19.5,4.387,1707,22.62,7.2,29,3.51,0.99,105526,23,43.9,2.5712993
,3388,14212,687,1796,1.93,36.3,15243,15.4,2.574,2383,24.75,6.2,32,2.82,1,96464,21,41.4,1.9605053
,3249,13930,929,1657,1.86,37.2,15364,16.2,3.995,2117,24.13,6.5,32,2.85,1.03,97891,21,41.8,2.2848872
,3162,13721,827,1747,1.84,37.8,16286,16.7,6.241,1886,22.81,6.7,33,2.865,1.04,100802,21,42.1,2.5700506
,3684,16887,1179,2514,1.86,33.1,12250,12.5,2.854,3184,25.51,4.7,34,1.75,1.16,111438,21,40.9,1.43638
,3620,16698,740,2282,1.84,34,12276,13,4.481,2814,24.99,5,34,1.77,1.19,111548,21,41.3,0.7853706
,3490,16366,774,2097,1.77,35.2,13182,13.8,8.121,2417,24.03,5.2,37,1.78,1.16,112032,21,41.7,0.6993379
,3085,16361,791,2588,2.48,34.8,10995,12.3,3.677,3392,24.97,4.5,28,3.16,1.59,118456,22,40,4.9515755
,2975,15850,681,2294,2.42,35.4,10868,12.2,5.322,2812,24.36,4.8,27,3.73,1.64,118355,22,40.4,4.8952566
,2782,15432,1347,2229,2.38,36.7,11282,12.8,8.112,2528,23.74,4.9,26,4.015,1.72,118619,22,40.7,4.612601
,2748,13331,643,1660,1.74,34.2,11677,11.7,2.647,2201,23.87,5.7,27,4.14,1.12,92788,19,40.9,2.7675025
,2649,13193,626,1546,1.73,34.3,12228,12.1,3.447,1911,23.58,6,27,4.16,1.09,94398,19,41.3,2.5931009
,2614,13027,601,1393,1.72,35.2,12767,12.4,5.354,1647,23.23,6.2,27,4.17,1.11,94884,19,41.6,2.4680064
,3044,22595,2083,2676,1.91,24.7,4285,8.6,3.102,3629,27.98,3.3,27,3.13,2.43,129491,24,39.6,4.3478582
,3122,22939,1981,2288,1.83,25.5,4299,9.5,4.396,3039,27.43,3.6,28,3.85,2.47,128977,24,40.1,3.497168
,2916,23182,1658,2234,1.84,26.5,4212,10.1,6.552,2919,26.46,3.8,28,4.21,2.6,132040,24,40.5,5.0352054
,2584,12352,637,1944,3,31.9,7902,12.8,2.916,2531,23.25,5,31,4.68,0.93,80977,21,40.9,1.5369463
,2638,12047,611,2096,2.95,32.3,7903,12.8,5.221,2462,22.57,5.1,31,4.59,0.97,86650,21,41.2,1.689377
,2608,11922,578,2000,2.85,32.8,8242,12.9,7.377,2346,21.63,5.3,31,4.545,1.02,87830,21,41.5,1.5656696
,5243,22467,852,2131,1.87,31,11262,15.2,2.398,3060,25.39,5.5,52,3.55,1.01,128502,29,40.6,2.2791048
,5094,21897,804,1917,1.86,31.4,11352,15.6,3.124,2631,24.79,5.7,52,4.28,1.03,130766,29,41.1,3.003375
,4849,21564,776,1919,1.86,32.1,11819,16,5.723,2264,23.91,6,50,4.645,1.06,129994,29,41.5,2.4039761
,6073,31048,1162,4102,1.61,23.6,7115,12.8,3.195,5500,25.93,3.7,54,2.89,1.69,191349,39,40,3.2393618
,6261,31191,1513,3896,1.53,24.8,6677,13,4.601,4976,25.34,3.9,56,3.01,1.64,196672,39,40.4,3.3851928
,6074,31368,2641,3705,1.48,26.1,6872,13.3,5.943,4567,24.43,4.1,56,3.07,1.58,199739,39,40.9,2.2167066
,5177,24825,843,2258,2.39,20.1,4106,16.3,2.499,3334,26.73,4.8,49,1.67,2.17,137651,30,40,3.0872455
,4972,24526,554,2021,2.28,20.4,3864,16.7,3.793,2876,25.74,5.1,50,1.91,2.23,137056,30,40.6,2.3511642
,4805,24481,532,1957,2.15,21.2,3960,17.5,5.078,2387,24.78,5.5,47,2.03,2.29,137850,30,41.2,2.4202054
,4017,14449,835,2609,2.7,33.7,36166,14.9,2.376,3282,23.83,5.5,42,2.97,1.27,97089,23,42,2.62081
,3883,13905,759,2539,2.59,34.7,33474,15.2,4.024,2805,22.71,5.7,42,2.98,1.28,99225,23,42.5,3.0295627
,3707,13881,836,2664,2.53,35.7,35822,15.9,6.303,2698,22.3,5.8,42,2.985,1.27,99971,23,42.8,2.0333967
,1779,7923,601,1366,2.21,35.1,14861,12.5,3.133,1708,23.94,6.3,17,6.08,0.72,70868,15,41.9,7.4951051
,1672,7624,957,1357,2.17,36.3,15283,13.8,5.225,1464,23.24,6.4,17,6.98,0.76,71356,15,42.2,6.882422
,1574,7460,487,1400,2.17,37,16091,14.4,8.598,1377,22.28,6.5,17,7.43,0.69,71680,15,42.3,5.9045919
,4586,23037,1205,2573,1.65,24.9,4461,14.2,2.266,3522,25.36,5.8,48,2.44,0.95,142135,30,41.8,3.1230191
,4242,22409,1135,2331,1.64,25.9,4408,14.3,3.315,2930,24.47,6.2,48,2.47,1.07,143727,30,42.4,3.1606678
,3939,22028,1092,2364,1.58,27,4469,14.8,5.407,2703,24,6.5,43,2.485,1.08,144611,30,43,2.4671374
,1330,5686,427,760,1.97,37.6,9185,15.8,2.199,846,25.57,6.6,17,41.9,1.82,43554,13,41.9,3.951837
,1320,5561,540,700,1.94,37.9,9487,14.5,3.284,689,24.6,6.8,17,41.35,1.92,45787,13,42.1,4.7116605
,1299,5507,523,676,2,39.7,9961,16.5,5.811,644,23.2,6.8,17,41.075,1.79,45729,13,42.3,4.6617325
,1176,5474,369,799,1.68,38.2,9160,13.2,2.227,959,23.45,7,13,19.16,1.01,38311,12,42.4,3.8788669
,1172,5283,269,792,1.71,38.6,8884,13.4,3.244,808,22.47,7.2,14,19.09,1.02,39512,12,42.8,4.6456066
,1123,5226,278,778,1.66,39.2,9908,14.7,5.327,733,21.9,7.4,14,19.055,0.95,40177,12,43,4.5858269
,3366,15779,662,2591,1.56,29,4672,14.4,2.742,3085,24.14,6,34,0.97,0.74,102387,23,42.1,2.2213097
,3365,15419,658,2302,1.5,29.9,4554,14.7,3.73,2744,23.43,6.5,34,0.98,0.71,103740,23,42.7,1.2930665
,3192,15336,556,2253,1.48,30.9,4938,15.5,4.504,2446,22.6,6.9,33,0.985,0.68,105691,23,43.4,1.3883317
,4888,17910,14808,1612,12.95,30.6,3745,12.1,4.775,3297,21.69,4,45,5.35,1.06,86607,37,36.1,10.4578069
,5370,20764,24266,1728,11.73,30.2,4125,12.3,7.015,3504,20.51,3.9,53,5,1.27,104448,43,36.1,12.0867282
,6393,24865,18305,2038,11.06,30,4940,13.4,7.419,3703,20.72,3.8,59,4.825,1.59,118959,47,36.2,10.6921119
,4712,16858,2829,1939,2.97,27.2,5487,14.7,2.376,2840,26.62,4,46,2.94,3.19,104428,30,39.2,5.6325173
,4707,16491,1980,1785,2.78,27.7,4928,15.1,3.675,2409,25.65,4.4,46,2.98,3.28,106009,30,40,6.9712952
,4439,16401,1751,1662,2.6,28.5,5062,15.8,3.145,2077,24.82,4.8,45,3,3.3,107471,30,40.7,7.4419526
,2963,9839,478,1395,2.55,25.5,4819,11.6,-0.407,2013,25.03,3.6,25,1.72,1.64,53352,16,38.1,5.7535021
,2930,10053,793,1085,2.33,25.4,3491,12.4,-1.855,1717,24.81,3.9,26,1.77,1.64,53365,16,38.7,5.7921124
,2729,10353,749,882,2.27,25.8,3137,13.9,-3.032,1312,23.83,4.4,26,1.795,1.68,53500,16,39.4,6.7521874
,4744,13265,3036,1197,6.37,18.9,2597,13.6,2.356,2122,24.85,3,37,4.61,1.78,60257,19,36.3,4.090598
,4976,13844,4196,1200,5.82,19.2,2516,13.5,4.266,1861,24.26,3.3,39,4.98,1.79,64060,20,36.8,5.3109249
,4927,14646,2510,1241,5.51,19.7,2421,14.1,3.404,1826,23.88,3.4,39,5.165,1.8,67954,20,37.2,5.4158257
,3694,13680,24447,1114,10.13,24.5,8136,12.8,2.627,1828,23.94,6.3,51,5.47,1.69,73606,31,39.9,7.4103425
,3478,13554,21268,1051,9.59,25.4,7372,13,4.175,1593,23.41,6.6,51,5.44,1.72,76554,31,40.5,9.2886851
,3230,13519,18662,1071,9.11,25.8,7225,13.2,3.002,1481,22.62,6.7,49,5.425,1.75,79306,30,41.1,9.2556782
,3491,11987,1657,1361,2.03,24.6,2418,10.9,3.566,2107,25.6,5.5,37,2.47,1.86,69630,21,40.4,4.1490006
,3480,12074,1328,1210,1.99,25.3,2206,11.6,4.904,1801,24.98,6,37,2.51,1.88,71312,21,41,5.5745346
,3220,12371,1103,1038,1.91,25.7,2157,12.7,3.708,1453,24.12,6.5,38,2.53,1.98,71510,21,41.7,6.2532774
,617,2495,9819,219,8.87,27.8,775,10.2,1.096,276,17.34,13.1,21,14.7,0.74,26660,22,50.6,11.5901177
,592,2513,11839,234,8.6,28.3,789,10.1,2.801,242,17.03,13.5,21,16,0.71,27350,22,51.1,12.1228673
,543,2496,12124,207,8.24,29,830,10.4,3.734,258,16.48,13.9,20,16.65,0.71,27991,21,51.7,12.2786675
,4106,16884,1113,1690,3.51,21.3,3060,17.2,1.375,2455,25.28,4.3,39,2.12,1.17,108431,26,39.5,4.0008853
,3758,16403,1220,1585,3.26,22.1,3108,18.2,2.913,1984,24.54,4.7,40,2.16,1.24,108663,26,40.3,4.1535829
,3274,15952,1992,1493,3.02,23.2,3223,19.6,3.514,1921,22.94,5.2,38,2.18,1.25,107446,26,41.3,4.5501386
,4655,16932,1560,2428,1.81,28.8,7766,12.3,1.557,2998,24.96,5.9,45,3.6,0.85,138880,22,41.4,5.3880059
,4989,17540,1046,2441,1.78,29.6,8337,12.4,2.863,2893,24.61,6.2,47,3.58,0.91,141760,23,41.8,6.1558729
,4790,17945,513,2200,1.75,29.6,8929,13.1,3.715,2637,23.63,7.5,47,3.57,0.91,144504,23,42,6.4517382
,10143,29082,1966,3036,2.16,23.6,12056,12.7,1.863,4521,24.97,4.8,87,1.88,1.22,173212,38,39.4,1.1149488
,9936,29429,2511,2826,2.01,24.1,12181,13.1,3.289,3850,25.07,5.1,87,1.86,1.29,177023,38,39.9,0.9001797
,9696,30053,2136,2679,1.91,25.4,12530,14.1,3.878,3782,24.05,5.5,85,1.85,1.35,181834,38,40.6,1.077714
,1073,4186,149,380,2.19,24.6,901,19,1.498,527,22.82,9.4,13,4.22,0.69,25507,8,43.6,26.9161342
,1032,4015,128,310,2.16,25.7,900,19.2,2.205,430,22.82,10.1,13,5.76,0.65,25063,8,44.2,28.776038
,999,3898,225,308,2.08,26.8,928,20.6,2.659,382,21.49,10.5,13,6.53,0.71,25011,8,45,31.4673243
,6730,26605,1035,3064,2.19,23.3,10933,14.5,1.415,4537,24.75,5.4,69,2.18,1.24,175123,42,40.4,4.6659118
,6484,26138,1097,2851,2.02,24,12221,15.2,3.862,3845,23.87,5.8,68,2.22,1.25,173133,42,40.9,5.1424783
,6189,25430,2084,2651,1.94,24.8,13497,16.6,3.562,3576,22.85,6.2,67,2.24,1.26,171740,42,41.7,5.1856923
,9822,31449,4112,2860,3.66,20,11627,13.9,2.071,4717,25.82,3.5,86,2.15,1.22,161740,44,37.9,4.148962
,9485,31686,6953,2630,3.39,20.8,11918,14.6,3.341,3867,25.61,3.8,85,2.33,1.32,165819,44,38.6,5.2652327
,9249,33036,6471,2935,3.13,21.6,12715,14.8,3.845,4148,24.35,3.9,85,2.42,1.35,178078,44,39,5.3868673
,5226,19904,2173,1627,3.45,21.5,7629,13.4,1.797,2542,26.24,3.6,40,3.35,1.56,99299,26,37.7,4.1765177
,5569,20803,2237,1535,3.22,21.9,9135,13.6,3.176,2440,26.1,3.9,42,3.28,1.69,101399,27,38.1,3.5223261
,5483,21898,1813,1546,3.02,22.2,11003,13.7,3.889,2480,25.18,4,42,3.245,1.78,109637,28,38.4,5.9676659
,154,632,2694,111,10.83,45,171,14.7,0.95,121,11.53,9.7,10,4.68,0.19,7691,6,47.1,11.2406232
,146,597,4060,119,10.23,45.7,168,16.1,1.952,104,11,10.1,10,9.27,0.19,7367,6,47.5,11.3904258
,145,635,4135,122,9.88,43.5,191,17.6,2.259,109,11.21,11.1,10,11.565,0.19,7953,6,48.2,11.6431508
,2099,7421,5002,677,3.66,31.3,4185,17.5,1.848,915,23.72,6.4,17,13.88,0.76,41529,13,40.5,10.3548763
,2018,7346,3339,704,3.34,33.2,3839,17.6,2.421,790,23.79,6.7,17,14.41,0.79,42011,13,41,10.1061326
,1956,7528,2844,709,3.14,35.1,4023,16.4,2.64,794,22.89,6.7,16,14.675,0.82,43765,13,41.3,10.102089
,195,1353,11557,138,23.21,36.1,408,10.1,2.255,270,15.49,21.4,14,26.49,0.79,16467,14,50.1,13.7898539
,162,1359,11425,126,23.11,36.2,439,11.3,3.374,222,15.05,21.7,14,27.12,0.87,16509,14,50.9,14.4965817
,128,1346,10240,121,22.9,36.5,454,12.5,3.137,194,14.33,21.7,14,27.435,0.75,16627,14,51.5,15.164039
,336,2113,17923,219,20.51,38.2,813,13.2,2.658,270,15.76,24.7,21,11.82,0.74,33213,17,54.6,14.2890323
,299,2060,19556,176,20.37,38,895,13.8,4.14,227,15.4,24.5,21,14.98,0.76,33151,17,55,14.7986327
,285,1980,19322,189,20.29,38.3,980,14.2,3.608,219,14.72,24.5,21,16.56,0.78,33618,17,55.4,15.7696933
,176,999,12018,94,26.51,40.8,395,13.2,2.969,144,17.28,21.4,8,19.74,0.86,13196,8,50.2,13.4234352
,188,982,10848,107,26.36,40.7,435,13.8,3.922,115,17.11,21.7,8,19.91,0.86,13271,8,50.8,13.1024096
,149,967,10558,69,25.99,39.6,494,14.7,3.434,130,16.06,22.5,8,19.995,0.78,13361,8,51.4,14.4512742
,1697,8947,8611,809,12.97,25.8,1597,15.2,2.613,1447,23.5,6.3,39,4.5,1.67,59402,28,39.3,13.5782353
,1617,9076,8547,790,12.16,26.1,1546,15.8,3.1,1300,22.92,6.6,38,5.13,1.69,59981,28,39.9,13.6752875
,1531,9249,8769,748,11.39,26.5,1598,16.3,3.138,1171,22.24,6.8,38,5.445,1.62,60122,28,40.5,13.4387238
,215,1051,7800,109,26.7,36,228,11.2,2.86,145,15.23,19.7,12,21.89,0.66,11355,10,51.2,12.9885057
,201,1042,7574,79,25.98,36.2,245,11.1,4.673,118,14.83,19.3,12,21.8,0.73,11483,10,51.9,13.4468983
,172,996,7728,78,25.56,36.4,233,12.7,4.055,72,13.99,19.4,12,21.755,0.74,11526,10,52.7,13.6305732
,1043,4257,15866,593,19.73,36.2,2384,12.1,3.072,902,19.31,14.3,27,11.5,0.8,45692,22,44.6,17.9175799
,1356,5071,15652,623,18.85,36.3,2564,13.2,4.928,943,19.31,13.4,29,9.99,1.48,48326,24,44.3,16.6347531
,1470,5491,15112,591,18.41,35.9,2801,13.9,4.875,889,19.27,13.2,29,9.235,1.16,52942,24,44.3,19.2735812
,356,1428,33898,156,20.71,30.1,1071,7.6,3.129,314,18.42,16.4,15,16.94,0.34,17122,14,48.9,11.5324997
,347,1455,12108,175,20.34,30.5,1049,7.8,5.154,292,17.87,16.3,15,21.15,0.3,17996,14,49.4,12.3898544
,326,1440,24187,146,20.21,30.4,1035,9.2,5.879,273,16.88,16.3,15,23.255,0.3,18144,14,49.8,12.3901497
,4108,15494,1618,1196,4.36,29.7,2816,16.7,1.006,1823,25.27,7.9,58,6.73,2.16,88455,32,40.3,8.7773034
,4067,15569,1895,1050,4.4,30.3,2868,18,2.516,1431,24.87,8.3,58,7.25,2.17,88762,33,41,9.5704796
,3692,15777,1984,884,4.43,30.8,3096,18.8,2.842,1318,24.07,8.8,58,7.51,2.11,90101,33,41.6,10.3740177
,927,4421,9597,384,19.74,32.5,1672,13.1,2.403,612,21.92,11.6,21,8.53,1.66,31598,18,41.6,13.3161418
,878,4490,13838,356,19.2,32.5,1686,13.6,3.443,502,21.44,11.8,21,13.27,1.76,32111,18,41.9,14.1187483
,823,4602,14310,348,18.66,32.2,1600,15.3,3.465,448,20.89,11.8,21,15.64,1.95,32343,18,42.3,14.7836855
,242,1391,23296,144,23.29,37.2,493,7.9,2.173,244,14.72,23.4,20,20.24,0.72,19619,18,52.1,12.2584973
,221,1396,18066,122,23.31,37.3,490,8.9,3.087,228,14.45,23.5,19,20.57,0.75,19896,17,52.9,13.424133
,189,1399,16588,139,23.12,38.3,492,10.3,3.136,170,14.03,23.8,19,20.735,0.65,19800,17,53.4,13.7855961
,3812,16805,16680,1304,12.5,26.1,1849,17.9,2.553,1961,25.18,7.9,62,5.74,1.73,103945,41,40.4,10.6886626
,3794,16662,18855,1227,11.99,26.7,1858,18,4.469,1852,24.51,8.1,62,6.09,1.98,105665,41,41,11.0099547
,3792,16738,18486,1273,11.57,27.3,2008,18.6,4.136,1722,23.67,8.3,63,6.265,1.85,108721,42,41.5,11.6175658
,239,951,18125,188,23.28,38,723,11,2.896,217,10.17,20.7,22,14.07,0.16,16673,19,53,9.2971385
,228,937,15661,154,22.85,38.1,767,11.8,3.477,206,9.74,21.1,22,14.26,0.14,17101,19,53.4,11.182092
,201,974,17321,150,22.87,38.3,773,12.2,3.874,198,9.45,21,22,14.355,0.19,16961,19,53.7,10.881673
,3321,14929,10585,1453,7.99,27.5,4048,10.3,3.586,2286,23.51,8.9,76,4.15,1.98,108843,50,42.5,10.3065513
,3377,14692,13513,1399,7.72,28,4146,11,4.87,2023,22.88,9.2,76,4.54,1.98,110027,51,43,10.931669
,3253,14882,13434,1251,7.41,28.6,4568,11.7,4.794,1744,22.05,9.5,75,4.735,1.94,110826,50,43.6,11.1408664
,424,2329,9730,238,19.49,33.4,761,7.9,1.887,403,18.28,16.8,16,10.79,1.17,22596,13,47.7,12.8038898
,427,2305,12028,221,19.29,33.6,858,8.4,4.121,360,18.07,17.3,16,10.95,1.2,22799,13,48.3,13.1665143
,402,2306,12635,200,19.14,33.8,889,8.8,3.748,411,17.32,17.3,16,11.03,1.33,22959,13,48.6,14.1302315
,564,2646,14101,261,26,35.7,4846,14.1,1.72,504,18.81,14.4,18,21.04,1,25351,16,44.2,13.9126596
,553,2562,12129,234,25.38,36.3,3688,15.7,2.129,436,18.23,15.1,18,19.78,1.01,25665,16,45.3,16.1438934
,473,2532,14647,190,25.13,36.4,3972,16.8,3.136,368,17.24,15.6,18,19.15,0.9,25695,16,45.9,17.0031332
,618,2109,6728,254,15.64,33.7,1668,11,1.953,386,16,17.5,24,11.39,0.68,21159,21,49.4,10.751645
,611,2101,8023,219,15.51,33.6,1769,11.7,3.221,331,15.51,17.7,24,9.6,0.63,21443,21,49.8,12.2088025
,588,2110,7531,196,15.45,34,1972,12.5,3.648,310,15.26,17.9,24,8.705,0.66,21381,21,50.1,12.3980825
,653,1928,10199,175,21.33,29.9,1114,6.5,2.813,385,18.85,16.9,16,17.35,0.82,17703,13,47.7,12.426416
,580,1928,10425,141,20.61,30.1,1148,6.8,5.002,329,18.06,16.8,16,17.35,0.78,18231,13,48.2,14.1383695
,506,1946,9744,157,20.61,29.6,1105,7.2,5.502,344,16.94,16.8,16,17.35,0.83,18267,13,48.7,14.3118491
,326,1539,12411,125,25.92,36.1,565,13.4,2.2,163,16.31,21,16,12.29,0.64,17000,15,50.9,10.4367525
,317,1500,12712,126,25.43,36.5,550,14.4,3.06,161,15.36,21.5,16,12.46,0.7,17146,15,51.3,11.3718598
,327,1438,15896,134,25.36,36.7,601,13.4,3.235,176,14.71,21.6,16,12.545,0.79,17525,15,51.7,12.8976143
,280,1201,9025,125,21.62,37.5,1339,10,2.743,181,15.31,22.4,13,28.06,0.72,13740,10,50.4,10.4185683
,250,1187,9668,110,21.63,37.5,1243,11.3,3.182,174,14.45,22.1,13,28.33,0.82,13917,10,50.7,11.1926488
,233,1200,9158,114,21.57,37.6,1412,12.5,3.323,133,14,22,13,28.465,0.86,14033,10,50.9,12.2114482
,168,1047,11214,116,26.54,36.3,646,11,2.01,205,16.58,21.5,12,14.54,0.55,14455,11,51.5,12.8324187
,145,1000,8605,96,26.07,37.1,656,11.9,3.588,160,15.74,21.9,12,14.57,0.55,14522,11,52,13.2600645
,131,998,15479,120,26.06,36.9,680,14,3.602,146,15.15,22,12,14.585,0.48,14661,11,52.4,14.41331
,609,2938,19764,251,21.36,33.7,1388,8.2,2.299,786,18.37,19.3,24,13.31,0.84,29983,21,49,10.1902052
,582,2899,31401,275,21.24,34.1,1365,8.3,2.943,640,17.45,19.7,24,13.59,0.83,30305,21,49.8,11.3318509
,534,2838,29088,284,21.04,34.4,1379,8.4,3.237,533,16.86,20,22,13.73,0.89,30404,20,50.3,12.0407337
,492,3105,17602,222,22.17,31.5,926,27.3,2.846,332,20.24,16.6,19,10.72,1.47,27477,16,46.4,13.9622996
,510,2960,18821,243,21.75,32,956,26.8,3.884,304,19.75,17,19,10.82,1.36,27924,16,47,14.7983157
,465,2925,17395,205,21.16,32,900,25.9,4.637,269,18.87,17.4,19,10.87,1.3,27949,16,47.6,15.1904112
,436,2095,11598,222,25.67,33.7,911,12.9,1.96,253,17.16,19.9,22,11.55,0.89,24268,21,49.8,10.5887554
,420,2108,13399,204,25.31,34.6,934,13.8,3.365,235,16.71,20.3,22,11.58,0.86,24649,21,50.4,11.6269898
,361,2130,17218,185,25.48,34.9,976,14.9,3.471,244,15.71,20.6,22,11.595,0.88,24875,21,51,12.2729677
,4131,15626,8330,1437,8.46,30.5,5490,15.5,1.257,2104,24.09,8.1,70,4.32,2.14,109477,56,41.1,12.1830506
,4069,15680,8179,1322,8.2,30.8,5266,16.4,1.171,1799,23.74,8.5,70,4.36,2.08,109423,56,41.8,12.2129872
,3896,15783,8457,1140,7.94,31.1,5700,17.1,-1.922,1529,23.02,8.8,70,4.38,2.08,112370,56,42.4,13.4483555
,943,3612,11448,302,19.67,31.6,1965,17.9,1.884,454,16.79,17.6,40,10.25,1.07,37132,36,49.1,11.4111893
,942,3637,14007,313,19.31,32.1,1952,17.8,3.025,417,16.13,17.8,40,11.5,1.06,37723,36,49.5,12.8678339
,843,3713,13918,267,19.06,32.8,1998,18.1,3.333,353,15.41,17.9,40,12.125,1.09,37623,36,50,13.2370915
,647,4268,14727,328,18.23,31.9,952,20.7,1.847,520,19.37,15.6,29,9.5,1.46,33611,27,47,10.4256056
,574,4115,15267,324,18.02,32.6,976,21.3,2.926,433,18.54,16,29,9.61,1.43,33573,27,47.7,10.615016
,526,4014,14581,261,17.63,32.7,1012,21.4,3.072,450,17.61,16.3,28,9.665,1.45,33703,27,48.3,10.8480584
,253,1075,7105,85,28.39,33.2,259,12.6,1.545,124,15.14,18.6,9,32.07,0.52,10821,10,50.6,13.9346218
,218,1076,8259,73,27.67,34.1,250,14.1,3.44,104,15.11,18.8,9,32.25,0.6,10875,10,51.1,13.4569473
,202,1037,8004,94,27.33,34.8,238,12.6,3.187,79,14.56,18.7,9,32.34,0.73,10895,10,51.6,13.2149116
,564,2075,7826,179,22.48,33.6,677,14.9,2.293,268,15.54,19.1,25,14.03,0.96,23504,22,50,11.5659568
,506,2000,10399,187,21.99,34.1,658,15.7,4.072,290,14.98,19.2,25,14.26,0.96,23673,22,50.5,12.6360852
,471,1956,9897,190,22.04,34.2,697,16.2,4.036,215,14.23,19.1,25,14.375,0.99,23598,22,51.1,13.092476
